timestamp;actual;VaR_95;VaR_99;model
2026-01-01;9,88050798471469e-02;-0,0506641439383737;-0,0859171388728164;sGARCH
2026-01-02;3,66882241917846e-03;-0,0875944054424521;-0,1487375722035424;sGARCH
2026-01-03;-1,11008552787877e-03;-0,0709014564826410;-0,1205023332711877;sGARCH
2026-01-04;4,12543383767993e-03;-0,0611133849180526;-0,1038307304121751;sGARCH
2026-01-05;4,45114733696181e-02;-0,0551928240636879;-0,0937039928303829;sGARCH
2026-01-06;3,39382380012023e-03;-0,0613232073017470;-0,1042810192444045;sGARCH
2026-01-07;-5,04176383589914e-02;-0,0555672246552635;-0,0945373482850502;sGARCH
2026-01-08;-4,33145371794321e-03;-0,0640295005310499;-0,1086803056237239;sGARCH
2026-01-09;-3,93111721030308e-03;-0,0573636268980349;-0,0974347780347621;sGARCH
2026-01-10;-2,28022465635505e-03;-0,0536888871034903;-0,0912423766667653;sGARCH
2026-01-11;-1,42964394251770e-02;-0,0515018794314613;-0,0874666959341262;sGARCH
2026-01-12;1,32009937631372e-02;-0,0512311864048162;-0,0868741491821921;sGARCH
2026-01-13;4,17145808646279e-02;-0,0507625330804991;-0,0861143341097015;sGARCH
2026-01-14;1,23665531445424e-02;-0,0578898406561977;-0,0980401699104012;sGARCH
2026-01-15;-5,41043641184928e-02;-0,0541833577651928;-0,0920209133205240;sGARCH
2026-01-16;-1,50700163919777e-02;-0,0646266589978564;-0,1095388519903725;sGARCH
2026-01-17;8,33645494280709e-03;-0,0586715218190689;-0,0997987419488155;sGARCH
2026-01-18;-5,44404515073631e-02;-0,0545149257228049;-0,0927777801666612;sGARCH
2026-01-19;-4,03097733423524e-02;-0,0647587464777958;-0,1100065813604926;sGARCH
2026-01-20;-5,30608462463462e-02;-0,0646343570349071;-0,1096056283315081;sGARCH
2026-01-21;2,80097690426597e-02;-0,0691327163515987;-0,1170578636798169;sGARCH
2026-01-22;-1,69948292723853e-02;-0,0635525746682940;-0,1076281641408868;sGARCH
2026-01-23;-5,84931248329762e-03;-0,0585207584534917;-0,0991645222863534;sGARCH
2026-01-24;-1,71041908182872e-05;-0,0544795450060881;-0,0923022299002195;sGARCH
2026-01-25;-4,36775899898409e-02;-0,0520144995718066;-0,0881230570577458;sGARCH
2026-01-26;1,34568338950343e-02;-0,0596321008616908;-0,1008945884013770;sGARCH
2026-01-27;4,46192960417666e-03;-0,0557407861124813;-0,0944968562050976;sGARCH
2026-01-28;-1,24229938221633e-04;-0,0528596279441167;-0,0896017562089119;sGARCH
2026-01-29;-6,61488846202788e-02;-0,0511462782535340;-0,0867144282631265;sGARCH
2026-01-30;-9,22466513886427e-03;-0,0684991179086217;-0,1160297390990254;sGARCH
2026-01-31;-9,14940322498121e-02;-0,0606231232491624;-0,1026047255613205;sGARCH
2026-02-01;-9,01286438862991e-03;-0,0847183878629068;-0,1434671728868746;sGARCH
2026-02-02;3,79345384718458e-02;-0,0707043841778084;-0,1195578144786876;sGARCH
2026-02-03;-1,98537295452588e-02;-0,0671572238669860;-0,1139078401033519;sGARCH
2026-02-04;-1,08348283771199e-02;-0,0610101141519680;-0,1033471581009631;sGARCH
2026-02-05;-1,41814900868182e-01;-0,0561332477898877;-0,0950178034535382;sGARCH
2026-02-06;9,30395417532909e-02;-0,1128583144537964;-0,1927517228591058;sGARCH
2026-02-07;-3,48053223296723e-03;-0,1113778564049033;-0,1900406405543724;sGARCH
2026-02-08;-3,48329764492396e-02;-0,0871064946466348;-0,1486761424450799;sGARCH
2026-02-09;-4,95778242998426e-04;-0,0757404869373852;-0,1291715813673349;sGARCH
2026-02-10;-2,45945610588943e-02;-0,0639710654805169;-0,1090608399175148;sGARCH
2026-02-11;-1,59019003609297e-02;-0,0600073552619800;-0,1021841101180880;sGARCH
2026-02-12;2,71497953920488e-02;-0,0565838604915185;-0,0963496566332940;sGARCH
2026-02-13;4,01567340056123e-02;-0,0570466149189338;-0,0971607332277644;sGARCH
2026-02-14;4,60456718262813e-02;-0,0609816670936831;-0,1037354655849869;sGARCH
2026-02-15;-4,25140069961204e-02;-0,0648291875642249;-0,1101133926609123;sGARCH
2026-02-16;1,38096738544938e-02;-0,0656231559839827;-0,1114454618954512;sGARCH
2026-02-17;-1,47622484710414e-02;-0,0592680860528761;-0,1006411370647183;sGARCH
2026-02-18;-2,80394275638363e-02;-0,0562493865715558;-0,0955217622312461;sGARCH
2026-02-19;-1,23031660517712e-02;-0,0573639765701827;-0,0973507833970064;sGARCH
2026-02-20;3,54392598141481e-02;-0,0550428751270428;-0,0933885138083098;sGARCH
2026-02-21;7,07966105137103e-03;-0,0586897964756119;-0,0994206997574361;sGARCH
2026-02-22;-3,98434417967477e-02;-0,0551596082396724;-0,0934118435490481;sGARCH
2026-02-23;-2,98792677717062e-02;-0,0603085511948040;-0,1020846358497772;sGARCH
2026-02-24;-9,24939798689229e-03;-0,0597361057321635;-0,1009734236229144;sGARCH
2026-02-25;1,56887353975997e-01;-0,0560173555570790;-0,0947450566041735;sGARCH
2026-02-26;-2,93068682417721e-02;-0,1217013989268670;-0,2074516919154463;sGARCH
2026-02-27;-2,60043754410185e-02;-0,0950471579010641;-0,1618068835813270;sGARCH
2026-02-28;7,72034065336624e-03;-0,0784508053503709;-0,1337391122644382;sGARCH
2026-03-01;-3,28200181567826e-02;-0,0660644425773762;-0,1124929404751334;sGARCH
2026-03-02;1,90640900637766e-02;-0,0632321429875106;-0,1075229678637453;sGARCH
2026-03-03;1,00380228276697e-02;-0,0589660019391147;-0,1004653169012809;sGARCH
2026-03-04;2,14125228207684e-02;-0,0557728821926697;-0,0950910108590550;sGARCH
2026-03-05;-9,87563029079631e-03;-0,0557321421327202;-0,0953202857790586;sGARCH
2026-03-06;-2,84868660176133e-02;-0,0540281469177366;-0,0921871327011484;sGARCH
2026-03-07;-2,16649450407341e-02;-0,0564662667163983;-0,0959095961347636;sGARCH
2026-03-08;-1,74241668728532e-02;-0,0558722680449850;-0,0949838878612589;sGARCH
2026-03-09;2,58244929693979e-03;-0,0549073486079723;-0,0932746081538776;sGARCH
2026-03-10;-5,54680597946549e-02;-0,0529809378693888;-0,0899873692685501;sGARCH
2026-03-11;1,32392134042707e-02;-0,0657955982595698;-0,1116637947270395;sGARCH
2026-03-12;2,98000807021777e-03;-0,0592408360090877;-0,1007089810448942;sGARCH
2026-03-13;-5,82862365896823e-03;-0,0553520866358669;-0,0941492162502892;sGARCH
2026-03-14;1,21665901403626e-02;-0,0535805826007017;-0,0911026093172810;sGARCH
2026-03-15;7,62851608221402e-03;-0,0532122603022115;-0,0904519111735839;sGARCH
2026-03-16;8,31640314740527e-02;-0,0524657833553304;-0,0891623159328103;sGARCH
2026-03-17;-1,60361142956630e-02;-0,0784810922047849;-0,1333635407459632;sGARCH
2026-03-18;-3,79236088424998e-02;-0,0664945221755634;-0,1130723229236552;sGARCH
2026-03-19;-2,35920669216950e-02;-0,0649860899799224;-0,1106095270038609;sGARCH
2026-03-20;6,33608640057363e-03;-0,0607210521986733;-0,1032601060854869;sGARCH
2026-03-21;-1,89735376155504e-02;-0,0564318302482838;-0,0959831741757423;sGARCH
2026-03-22;-2,89838452349515e-02;-0,0555978791637239;-0,0944965783520583;sGARCH
2026-03-23;6,59813177649262e-02;-0,0573745534400592;-0,0975167042240269;sGARCH
2026-03-24;2,72478604024250e-04;-0,0715719211867050;-0,1217492292246455;sGARCH
2026-03-25;3,10163129790194e-03;-0,0618823881269705;-0,1051708629280295;sGARCH
2026-03-26;-5,17893461283517e-02;-0,0567967059602544;-0,0968488149430296;sGARCH
2026-03-27;-2,84121228898021e-02;-0,0651978468350889;-0,1109579064493588;sGARCH
2026-03-28;-3,33025274466057e-02;-0,0618467686447017;-0,1051695708301343;sGARCH
2026-03-29;-2,40026686934173e-03;-0,0613629964587737;-0,1041575737719636;sGARCH
2026-03-30;1,31807335399472e-02;-0,0564452945749598;-0,0954801467542161;sGARCH
2026-03-31;1,60959618936093e-02;-0,0549026478475408;-0,0929610289589594;sGARCH
2026-04-01;1,61621264267924e-02;-0,0544245061239603;-0,0922583707239917;sGARCH
2026-04-02;-2,37418542899084e-02;-0,0541597643879013;-0,0916937147340386;sGARCH
2026-04-03;1,70036985455953e-02;-0,0553884919925155;-0,0940508174962114;sGARCH
2026-04-04;1,68617612754451e-03;-0,0547780884086058;-0,0930091165972834;sGARCH
2026-04-05;3,79378589480647e-03;-0,0530203837552121;-0,0900411701077525;sGARCH
2026-04-06;1,15711954254566e-02;-0,0521389151227606;-0,0885128230817767;sGARCH
2026-04-07;5,40834409243973e-02;-0,0521268058228953;-0,0884148255786172;sGARCH
2026-04-08;-3,02860214940377e-02;-0,0642435506061655;-0,1087118200302524;sGARCH
2026-04-09;1,89434131530573e-02;-0,0616848297360941;-0,1040107984468456;sGARCH
2026-04-10;1,11517659645346e-02;-0,0579648237877327;-0,0978827459042812;sGARCH
2026-04-11;-8,11459195785679e-03;-0,0549444947384094;-0,0930762104574143;sGARCH
2026-04-12;-3,88790620350133e-02;-0,0531262281202473;-0,0899720579601108;sGARCH
2026-04-13;5,71765057757294e-02;-0,0589134269879272;-0,0996642121655112;sGARCH
2026-04-14;-2,89718601806434e-02;-0,0685944892488006;-0,1159004132629810;sGARCH
2026-04-15;2,72983916017412e-02;-0,0634934713311214;-0,1072333956826500;sGARCH
2026-04-16;7,13633517512248e-02;-0,0605292598779791;-0,1021402554625144;sGARCH
2026-04-17;-3,44661417442488e-03;-0,0758079191661121;-0,1280180746067543;sGARCH
2026-04-18;-2,28640799966713e-02;-0,0640296373077121;-0,1081285235815652;sGARCH
2026-04-19;-2,71644387872116e-02;-0,0599246174766054;-0,1011058008237746;sGARCH
2026-04-20;1,00747931043726e-02;-0,0589231920327133;-0,0993573144824467;sGARCH
2026-04-21;2,64716210044722e-03;-0,0556229169529052;-0,0938527287200316;sGARCH
2026-04-22;8,56016708927681e-04;-0,0535666371472825;-0,0904417671539630;sGARCH
2026-04-23;4,33926965165553e-03;-0,0525655276349770;-0,0887714515599732;sGARCH
2026-04-24;6,08356384113842e-03;-0,0522087171956023;-0,0882051531742842;sGARCH
2026-04-25;-4,15364673355612e-03;-0,0520845666587692;-0,0879974955057770;sGARCH
2026-04-26;1,27957225200560e-02;-0,0519113042526818;-0,0876998596511443;sGARCH
2026-04-27;-1,97222743486582e-02;-0,0524947171336513;-0,0887676132922167;sGARCH
2026-04-28;-6,60459351296047e-03;-0,0539286648115967;-0,0911310061346893;sGARCH
2026-04-29;-7,39431854274868e-03;-0,0528735173787768;-0,0893290203834163;sGARCH
2026-04-30;5,25322738483937e-03;-0,0524311713489210;-0,0885724844910652;sGARCH
2026-05-01;-2,82985459777528e-03;-0,0520192629962551;-0,0880300410879499;sGARCH
2026-05-02;1,11007569809345e-02;-0,0517608163590407;-0,0875865756403940;sGARCH
2026-05-03;-6,99239664778863e-03;-0,0522216597367043;-0,0883523225172670;sGARCH
2026-05-04;9,01249109498989e-03;-0,0520842197130738;-0,0881138923775966;sGARCH
2026-05-05;3,32757808303159e-02;-0,0521533445079799;-0,0882401106946417;sGARCH
2026-05-06;1,06330892778812e-01;-0,0572146605327628;-0,0967300132085747;sGARCH
2026-05-07;-1,01275655371958e-02;-0,0944198118298089;-0,1598649874852285;sGARCH
2026-05-08;1,29501847917656e-01;-0,0735827463387037;-0,1246020459631537;sGARCH
2026-05-09;-4,96656289771148e-02;-0,1117260662707987;-0,1894758303724556;sGARCH
2026-05-10;-3,02362753333712e-02;-0,0917875664972526;-0,1554695594262359;sGARCH
2026-05-11;-1,48291784604493e-02;-0,0763273601804897;-0,1291120668851195;sGARCH
2026-05-12;-2,60539117680607e-02;-0,0647917254695272;-0,1094385987286141;sGARCH
2026-05-13;-3,80661880101239e-02;-0,0610157716022639;-0,1031595500958064;sGARCH
2026-05-14;7,34741104136369e-03;-0,0624271092761902;-0,1054663927985819;sGARCH
2026-05-15;-3,52671046716308e-02;-0,0572453863846983;-0,0970857011584729;sGARCH
2026-05-16;-3,00319089081860e-02;-0,0600678562205497;-0,1017267886501243;sGARCH
2026-05-17;-2,66568328268329e-02;-0,0598914762563710;-0,1013271541116923;sGARCH
2026-05-18;3,34862533289431e-03;-0,0589970602883290;-0,0996773333780241;sGARCH
2026-05-19;-1,95633783278289e-02;-0,0554849305202651;-0,0939242930438147;sGARCH
2026-05-20;2,52450210212019e-02;-0,0555589634364689;-0,0939504859540382;sGARCH
2026-05-21;3,24959686181598e-02;-0,0567495763814864;-0,0959068756589374;sGARCH
2026-05-22;-3,67032579522531e-02;-0,0590531834192526;-0,0999303453283260;sGARCH
2026-05-23;1,65221837123071e-02;-0,0613834756016709;-0,1037356693760777;sGARCH
2026-05-24;-2,18447937327430e-02;-0,0578013185639540;-0,0976468110253136;sGARCH
2026-05-25;2,20642521481682e-02;-0,0570996119533969;-0,0963550137532566;sGARCH
2026-05-26;1,70940906272202e-02;-0,0567657950302985;-0,0957358654322006;sGARCH
2026-05-27;1,80996663693445e-02;-0,0557282007211367;-0,0940180378940029;sGARCH
2026-05-28;-5,52335731149052e-02;-0,0553128588860579;-0,0932895343490924;sGARCH
2026-05-29;-2,10860249290792e-03;-0,0667716825958224;-0,1127947213996513;sGARCH
2026-05-30;1,22074639904994e-02;-0,0592295205380782;-0,1001211666927145;sGARCH
2026-05-31;-2,75702513461835e-02;-0,0563048061597142;-0,0951600858716285;sGARCH
2026-06-01;1,39860939504749e-02;-0,0578004109521184;-0,0975544894875774;sGARCH
2026-06-02;-7,73883474662465e-02;-0,0559212023189894;-0,0944014437143395;sGARCH
2026-06-03;5,68679540824629e-02;-0,0769384944840170;-0,1298343172028184;sGARCH
2026-06-04;-5,80881427462338e-02;-0,0760372759390178;-0,1281403890914829;sGARCH
2026-06-05;-1,21713717983293e-01;-0,0761327829798742;-0,1280701262866909;sGARCH
2026-06-06;5,26336590997810e-04;-0,1084538010395388;-0,1825483036179845;sGARCH
2026-06-07;3,93615093776097e-02;-0,0813232353507864;-0,1368559160155004;sGARCH
2026-06-08;2,76777943507023e-03;-0,0723963478878678;-0,1219374435083972;sGARCH
2026-06-09;-1,20907644705155e-02;-0,0619905359620002;-0,1045658637274358;sGARCH
2026-06-10;-2,89634858784883e-02;-0,0577166216822373;-0,0973140561177385;sGARCH
2026-06-11;2,25431528532907e-02;-0,0591411309093398;-0,0996455246673366;sGARCH
2026-06-12;-1,12972732230971e-02;-0,0582668835459876;-0,0981111309696413;sGARCH
2026-06-13;3,68523481626171e-02;-0,0562605891690355;-0,0948258216472830;sGARCH
2026-06-14;1,26927298949361e-02;-0,0608868050572612;-0,1025621017321373;sGARCH
2026-06-15;7,54143376604966e-03;-0,0575128597979024;-0,0968831094535669;sGARCH
2026-06-16;1,16657686628563e-02;-0,0555965989906150;-0,0936434665434652;sGARCH
2026-06-17;-4,90150377365345e-03;-0,0551367472030376;-0,0928791181719669;sGARCH
2026-06-18;-7,35144147488054e-03;-0,0543739116956261;-0,0915708386175455;sGARCH
2026-06-19;-6,97105889671238e-03;-0,0541616910824043;-0,0913978698069934;sGARCH
2026-06-20;-3,00553361578113e-03;-0,0540932250211364;-0,0912604392931038;sGARCH
2026-06-21;-7,94575880391019e-03;-0,0538517665051635;-0,0908485505949405;sGARCH
2026-06-22;5,20416635497384e-03;-0,0539824517023056;-0,0910883417027247;sGARCH
2026-06-23;-5,27988168573569e-03;-0,0538046406269957;-0,0907845276453804;sGARCH
2026-06-24;-3,93087137933033e-02;-0,0536849589973616;-0,0905925426440594;sGARCH
2026-06-25;-1,46204543700162e-02;-0,0607151346610231;-0,1022465553264977;sGARCH
2026-06-26;9,59226993430111e-03;-0,0576580536705099;-0,0971487775600288;sGARCH
2026-06-27;-1,84256833051572e-02;-0,0557904006239551;-0,0939761669806012;sGARCH
2026-06-28;-1,22215552000486e-02;-0,0561028385292069;-0,0943938758720411;sGARCH
2026-06-29;1,66231687880075e-02;-0,0553809169691992;-0,0932193167126815;sGARCH
2026-06-30;-2,04665410136412e-02;-0,0556321444070398;-0,0938206444510287;sGARCH
2026-07-01;2,56662047688387e-02;-0,0563861808194752;-0,0950206561020080;sGARCH
2026-07-02;3,86713287714626e-02;-0,0578311861099243;-0,0974156434979744;sGARCH
2026-07-03;4,19037686660594e-02;-0,0619928770203144;-0,1044073997266844;sGARCH
2026-07-04;-9,13720679187852e-03;-0,0647221388565882;-0,1089384663680802;sGARCH
2026-07-05;2,76199637250401e-03;-0,0588165340307960;-0,0990180713378467;sGARCH
2026-07-06;-1,13860923371409e-03;-0,0557831353365134;-0,0939512568888801;sGARCH
2026-07-07;-2,32147179279301e-02;-0,0544412651670979;-0,0919088708021330;sGARCH
2026-07-08;-1,02825591431619e-02;-0,0565780842626412;-0,0954485167593596;sGARCH
2026-07-09;1,22279017003759e-02;-0,0554107595652884;-0,0934503100718129;sGARCH
2026-07-10;7,25549339210501e-03;-0,0551646458028361;-0,0930248173491713;sGARCH
2026-07-11;-1,45042854048302e-02;-0,0545893539327314;-0,0920489393524136;sGARCH
2026-07-12;3,07894402522279e-04;-0,0551472322930134;-0,0929284097388892;sGARCH
2026-07-13;-2,61843345366656e-02;-0,0543501966645608;-0,0915729172272847;sGARCH
2026-07-14;4,24725316304494e-02;-0,0573277991281216;-0,0965158725382072;sGARCH
2026-07-15;3,56194339570630e-03;-0,0632562875076313;-0,1063975414983356;sGARCH
2026-07-16;-1,70827412867614e-02;-0,0579526606159779;-0,0974632404001689;sGARCH
2026-07-17;-4,18522072627800e-03;-0,0569249264822074;-0,0956277816607952;sGARCH
2026-07-18;-1,43805367570860e-02;-0,0551556633654153;-0,0925583785710635;sGARCH
2026-07-19;-2,61212217130757e-02;-0,0552306507015810;-0,0926505127989966;sGARCH
2026-07-20;2,80864311684395e-02;-0,0572869502835950;-0,0956847695338128;sGARCH
2026-07-21;2,43837858302018e-02;-0,0586247103631292;-0,0979618939497968;sGARCH
2026-07-22;-6,91135422508820e-03;-0,0584336044892146;-0,0977441826342386;sGARCH
2026-07-23;-2,89744574581749e-02;-0,0558144893202166;-0,0934509046210851;sGARCH
2026-07-24;-9,83394404473659e-03;-0,0581283791584904;-0,0972430629661335;sGARCH
2026-07-25;1,69754495187966e-02;-0,0558969198463395;-0,0936546632242639;sGARCH
2026-07-26;1,29297529511021e-02;-0,0558414570615908;-0,0935771065082092;sGARCH
2026-07-27;-4,98407453907362e-02;-0,0552229983529096;-0,0925311667588466;sGARCH
2026-07-28;1,09082195318656e-02;-0,0646361989960402;-0,1081957403233310;sGARCH
2026-07-29;-3,20710816636765e-02;-0,0591604208155779;-0,0990954122021135;sGARCH
2026-07-30;2,98713208095975e-02;-0,0604292614104986;-0,1011428331361828;sGARCH
2026-07-31;-3,79932870870283e-03;-0,0605924085663184;-0,1013761272722439;sGARCH
2026-08-01;-7,94029801839491e-03;-0,0568644930442597;-0,0951754398199295;sGARCH
2026-08-02;1,56407949394512e-02;-0,0553083480077167;-0,0925134942332633;sGARCH
2026-08-03;2,21134643011158e-03;-0,0554276179415055;-0,0926775853553791;sGARCH
2026-08-04;-3,52045121966943e-03;-0,0543599625804908;-0,0910309509653714;sGARCH
2026-08-05;3,12703638331014e-03;-0,0537520294478417;-0,0900140163785100;sGARCH
2026-08-06;-1,28158062546109e-02;-0,0534850816508746;-0,0896986639288438;sGARCH
2026-08-07;-1,52491160791503e-02;-0,0539576970711868;-0,0904765286089805;sGARCH
2026-08-08;2,28755557605959e-02;-0,0544068022863786;-0,0911963118069576;sGARCH
2026-08-09;-6,95753391960417e-03;-0,0560424136940791;-0,0938232606378614;sGARCH
2026-08-10;8,86387376107757e-03;-0,0545417335645074;-0,0914364491454464;sGARCH
2026-08-11;-2,69890410667277e-03;-0,0538517740551060;-0,0902888475235091;sGARCH
2026-08-12;-2,79229776148475e-02;-0,0530683713712369;-0,0890327363070603;sGARCH
2026-08-13;7,73554842167096e-03;-0,0562698060110844;-0,0944875419296067;sGARCH
2026-08-14;-1,30307441058944e-03;-0,0545636278076747;-0,0919086448203171;sGARCH
2026-08-15;-8,80868419417639e-03;-0,0532837422168213;-0,0897491222592799;sGARCH
2026-08-16;-1,17490463874662e-02;-0,0528502687267250;-0,0889116825375320;sGARCH
2026-08-17;2,67839144648921e-03;-0,0528858851196880;-0,0889523608955026;sGARCH
2026-08-18;-4,31438516218499e-02;-0,0522087863939195;-0,0877254984056207;sGARCH
2026-08-19;5,48980844256964e-02;-0,0600330316852530;-0,1009434616553375;sGARCH
2026-08-20;7,86629830300449e-02;-0,0684488202011192;-0,1152616340763275;sGARCH
2026-08-21;9,21413065728092e-02;-0,0830870244239038;-0,1398447262504441;sGARCH
2026-08-22;-4,40892665223947e-02;-0,0964951029916554;-0,1625081598383443;sGARCH
2026-08-23;2,26689739264969e-02;-0,0818074707749513;-0,1377337342176894;sGARCH
2026-08-24;-1,95068129592839e-03;-0,0690772149917428;-0,1164407971835592;sGARCH
2026-08-25;-2,16068358978434e-02;-0,0600463567064869;-0,1012664227200009;sGARCH
2026-08-26;1,22331022016695e-02;-0,0578897299030843;-0,0975457411464380;sGARCH
2026-08-27;6,86055760477586e-03;-0,0555455578078760;-0,0936586213414065;sGARCH
2026-08-28;-1,79753252372198e-02;-0,0538925530678407;-0,0908213836836732;sGARCH
2026-08-29;3,64390841230694e-02;-0,0545342243972931;-0,0919243757379755;sGARCH
2026-08-30;-2,65658222731187e-02;-0,0600189739815242;-0,1011962024019866;sGARCH
2026-08-31;1,66999130516037e-03;-0,0589872491224107;-0,0993941145402644;sGARCH
2026-09-01;7,87335529130566e-02;-0,0553151837143639;-0,0932520442431490;sGARCH
2026-09-02;2,00982224933189e-02;-0,0792843757157818;-0,1338283645177465;sGARCH
2026-09-03;-3,19473697387349e-05;-0,0671531956594250;-0,1132181040533414;sGARCH
2026-09-04;-2,51544862306444e-02;-0,0593578314901894;-0,1002152044873225;sGARCH
2026-09-05;2,88576593914005e-02;-0,0584644367227090;-0,0986936337860008;sGARCH
2026-09-06;2,28992098866629e-02;-0,0591364715041677;-0,0996917366509951;sGARCH
2026-09-07;3,19183428708808e-02;-0,0579630069827974;-0,0976387989504750;sGARCH
2026-09-08;1,35516024331619e-02;-0,0597751249268964;-0,1010044625750023;sGARCH
2026-01-01;9,88050798471469e-02;-0,0481049200204220;-0,0819776483717234;eGARCH
2026-01-02;3,66882241917846e-03;-0,0787687591503761;-0,1344748974070899;eGARCH
2026-01-03;-1,11008552787877e-03;-0,0679235192883214;-0,1160538252209611;eGARCH
2026-01-04;4,12543383767993e-03;-0,0599312576144570;-0,1023763047536245;eGARCH
2026-01-05;4,45114733696181e-02;-0,0544373260322836;-0,0929440047033192;eGARCH
2026-01-06;3,39382380012023e-03;-0,0618416093014648;-0,1057440095410735;eGARCH
2026-01-07;-5,04176383589914e-02;-0,0557511904109329;-0,0953635900056436;eGARCH
2026-01-08;-4,33145371794321e-03;-0,0608705049047645;-0,1038832602127137;eGARCH
2026-01-09;-3,93111721030308e-03;-0,0554431526673290;-0,0946657354772785;eGARCH
2026-01-10;-2,28022465635505e-03;-0,0511452796601920;-0,0873612781554303;eGARCH
2026-01-11;-1,42964394251770e-02;-0,0472950142733577;-0,0807324374092321;eGARCH
2026-01-12;1,32009937631372e-02;-0,0464983816029189;-0,0792391499793036;eGARCH
2026-01-13;4,17145808646279e-02;-0,0463468159252202;-0,0790362660665055;eGARCH
2026-01-14;1,23665531445424e-02;-0,0547677678273778;-0,0932894486837979;eGARCH
2026-01-15;-5,41043641184928e-02;-0,0524510296540923;-0,0896174308374351;eGARCH
2026-01-16;-1,50700163919777e-02;-0,0594075924779035;-0,1013299033350389;eGARCH
2026-01-17;8,33645494280709e-03;-0,0562437987829431;-0,0962618268597782;eGARCH
2026-01-18;-5,44404515073631e-02;-0,0527790498556759;-0,0903943018904605;eGARCH
2026-01-19;-4,03097733423524e-02;-0,0596655461366422;-0,1019757254234393;eGARCH
2026-01-20;-5,30608462463462e-02;-0,0618457185646117;-0,1054912327157552;eGARCH
2026-01-21;2,80097690426597e-02;-0,0665181040356852;-0,1132411513025787;eGARCH
2026-01-22;-1,69948292723853e-02;-0,0656488088601032;-0,1117688958323756;eGARCH
2026-01-23;-5,84931248329762e-03;-0,0613884598872657;-0,1045984540311557;eGARCH
2026-01-24;-1,71041908182872e-05;-0,0560400039226581;-0,0954942573629856;eGARCH
2026-01-25;-4,36775899898409e-02;-0,0508042205401154;-0,0865758616545524;eGARCH
2026-01-26;1,34568338950343e-02;-0,0557561468943002;-0,0948794837680229;eGARCH
2026-01-27;4,46192960417666e-03;-0,0538369925650952;-0,0917685297447852;eGARCH
2026-01-28;-1,24229938221633e-04;-0,0500637366634622;-0,0853064953700505;eGARCH
2026-01-29;-6,61488846202788e-02;-0,0460830470588995;-0,0785364058914639;eGARCH
2026-01-30;-9,22466513886427e-03;-0,0573926068808147;-0,0977485688202501;eGARCH
2026-01-31;-9,14940322498121e-02;-0,0536196235010413;-0,0912425226746836;eGARCH
2026-02-01;-9,01286438862991e-03;-0,0700968254458949;-0,1193952636764567;eGARCH
2026-02-02;3,79345384718458e-02;-0,0631683622268109;-0,1074921616863976;eGARCH
2026-02-03;-1,98537295452588e-02;-0,0661569250343477;-0,1128883699183318;eGARCH
2026-02-04;-1,08348283771199e-02;-0,0624910985047952;-0,1065138683181953;eGARCH
2026-02-05;-1,41814900868182e-01;-0,0578465243818399;-0,0985844428262077;eGARCH
2026-02-06;9,30395417532909e-02;-0,0887043704271668;-0,1524281630750932;eGARCH
2026-02-07;-3,48053223296723e-03;-0,1011738535220931;-0,1735962368513967;eGARCH
2026-02-08;-3,48329764492396e-02;-0,0840229260992916;-0,1442428092091545;eGARCH
2026-02-09;-4,95778242998426e-04;-0,0786071535764090;-0,1348382899474437;eGARCH
2026-02-10;-2,45945610588943e-02;-0,0676702824622160;-0,1160595119490118;eGARCH
2026-02-11;-1,59019003609297e-02;-0,0644793505848782;-0,1104716801866757;eGARCH
2026-02-12;2,71497953920488e-02;-0,0603920235133973;-0,1035204781257623;eGARCH
2026-02-13;4,01567340056123e-02;-0,0609175439055433;-0,1044033140555088;eGARCH
2026-02-14;4,60456718262813e-02;-0,0649348243880374;-0,1111584060060844;eGARCH
2026-02-15;-4,25140069961204e-02;-0,0693995154229455;-0,1186332354442981;eGARCH
2026-02-16;1,38096738544938e-02;-0,0697859268895276;-0,1192948073545253;eGARCH
2026-02-17;-1,47622484710414e-02;-0,0644326308878040;-0,1101211793390409;eGARCH
2026-02-18;-2,80394275638363e-02;-0,0603297330679665;-0,1031131166299672;eGARCH
2026-02-19;-1,23031660517712e-02;-0,0600720379790590;-0,1026230619824487;eGARCH
2026-02-20;3,54392598141481e-02;-0,0565646570233375;-0,0965715018076536;eGARCH
2026-02-21;7,07966105137103e-03;-0,0603099835626556;-0,1028241776077955;eGARCH
2026-02-22;-3,98434417967477e-02;-0,0558969773560188;-0,0952674543495323;eGARCH
2026-02-23;-2,98792677717062e-02;-0,0593276426072627;-0,1010522313002948;eGARCH
2026-02-24;-9,24939798689229e-03;-0,0595998571486426;-0,1013543336814579;eGARCH
2026-02-25;1,56887353975997e-01;-0,0556566084640027;-0,0946788253983765;eGARCH
2026-02-26;-2,93068682417721e-02;-0,1013429086347781;-0,1736799035081864;eGARCH
2026-02-27;-2,60043754410185e-02;-0,0897234975615526;-0,1535568695746717;eGARCH
2026-02-28;7,72034065336624e-03;-0,0813794599035190;-0,1394285705717133;eGARCH
2026-03-01;-3,28200181567826e-02;-0,0724279448710958;-0,1239733993356512;eGARCH
2026-03-02;1,90640900637766e-02;-0,0701724053387227;-0,1200396643419960;eGARCH
2026-03-03;1,00380228276697e-02;-0,0666055300559164;-0,1142536503927929;eGARCH
2026-03-04;2,14125228207684e-02;-0,0617834419767325;-0,1060794977222287;eGARCH
2026-03-05;-9,87563029079631e-03;-0,0606066481396285;-0,1043977333225954;eGARCH
2026-03-06;-2,84868660176133e-02;-0,0561934247383799;-0,0965227121449489;eGARCH
2026-03-07;-2,16649450407341e-02;-0,0567464820060434;-0,0971182758861980;eGARCH
2026-03-08;-1,74241668728532e-02;-0,0561454473911334;-0,0961319058710034;eGARCH
2026-03-09;2,58244929693979e-03;-0,0547536357668910;-0,0936766103064278;eGARCH
2026-03-10;-5,54680597946549e-02;-0,0505169569652840;-0,0864122060303220;eGARCH
2026-03-11;1,32392134042707e-02;-0,0598825725780562;-0,1023847151756475;eGARCH
2026-03-12;2,98000807021777e-03;-0,0569739465212597;-0,0975908351202578;eGARCH
2026-03-13;-5,82862365896823e-03;-0,0525288950635649;-0,0900224878336135;eGARCH
2026-03-14;1,21665901403626e-02;-0,0495821424364225;-0,0849330880645773;eGARCH
2026-03-15;7,62851608221402e-03;-0,0488401755248819;-0,0836256752513089;eGARCH
2026-03-16;8,31640314740527e-02;-0,0471022407493883;-0,0806357550980312;eGARCH
2026-03-17;-1,60361142956630e-02;-0,0671791258192730;-0,1151075968295557;eGARCH
2026-03-18;-3,79236088424998e-02;-0,0626626268684802;-0,1074433151458673;eGARCH
2026-03-19;-2,35920669216950e-02;-0,0642116402728590;-0,1101262744747962;eGARCH
2026-03-20;6,33608640057363e-03;-0,0621819660198544;-0,1065465208784093;eGARCH
2026-03-21;-1,89735376155504e-02;-0,0576421681433987;-0,0987644208909881;eGARCH
2026-03-22;-2,89838452349515e-02;-0,0562537620941942;-0,0963195965538548;eGARCH
2026-03-23;6,59813177649262e-02;-0,0572713186675998;-0,0980510078144495;eGARCH
2026-03-24;2,72478604024250e-04;-0,0682457042775949;-0,1169285927418917;eGARCH
2026-03-25;3,10163129790194e-03;-0,0610272148636997;-0,1044708808191822;eGARCH
2026-03-26;-5,17893461283517e-02;-0,0560486981344866;-0,0962892036643785;eGARCH
2026-03-27;-2,84121228898021e-02;-0,0620984302307917;-0,1064161690990292;eGARCH
2026-03-28;-3,33025274466057e-02;-0,0617343864373847;-0,1056958084113941;eGARCH
2026-03-29;-2,40026686934173e-03;-0,0625065100781552;-0,1068550724696570;eGARCH
2026-03-30;1,31807335399472e-02;-0,0568048124814221;-0,0968426164719264;eGARCH
2026-03-31;1,60959618936093e-02;-0,0549477772245073;-0,0938992384884075;eGARCH
2026-04-01;1,61621264267924e-02;-0,0540889538461745;-0,0925530290180071;eGARCH
2026-04-02;-2,37418542899084e-02;-0,0533455144515457;-0,0911464367343866;eGARCH
2026-04-03;1,70036985455953e-02;-0,0539566573211664;-0,0924578954691569;eGARCH
2026-04-04;1,68617612754451e-03;-0,0535023835656572;-0,0916257374367214;eGARCH
2026-04-05;3,79378589480647e-03;-0,0496285941481997;-0,0849323232220872;eGARCH
2026-04-06;1,15711954254566e-02;-0,0469188959407112;-0,0801825310188402;eGARCH
2026-04-07;5,40834409243973e-02;-0,0464567850871632;-0,0792759300671807;eGARCH
2026-04-08;-3,02860214940377e-02;-0,0581231577471104;-0,0989878846590550;eGARCH
2026-04-09;1,89434131530573e-02;-0,0594181673694985;-0,1008587004259569;eGARCH
2026-04-10;1,11517659645346e-02;-0,0577796180180430;-0,0983926897435115;eGARCH
2026-04-11;-8,11459195785679e-03;-0,0548280794276122;-0,0937200398535267;eGARCH
2026-04-12;-3,88790620350133e-02;-0,0516983528030288;-0,0883400412275197;eGARCH
2026-04-13;5,71765057757294e-02;-0,0562325337063114;-0,0959525254728526;eGARCH
2026-04-14;-2,89718601806434e-02;-0,0662389012508393;-0,1128217481302746;eGARCH
2026-04-15;2,72983916017412e-02;-0,0648171832582870;-0,1103411524917255;eGARCH
2026-04-16;7,13633517512248e-02;-0,0640814802328771;-0,1090055664679568;eGARCH
2026-04-17;-3,44661417442488e-03;-0,0760526723218417;-0,1294589248230364;eGARCH
2026-04-18;-2,28640799966713e-02;-0,0662622098667046;-0,1127707558069705;eGARCH
2026-04-19;-2,71644387872116e-02;-0,0633221144137406;-0,1076392904227691;eGARCH
2026-04-20;1,00747931043726e-02;-0,0623048684381678;-0,1058572197599116;eGARCH
2026-04-21;2,64716210044722e-03;-0,0579822963120517;-0,0985672711712620;eGARCH
2026-04-22;8,56016708927681e-04;-0,0529196421907410;-0,0900287052867566;eGARCH
2026-04-23;4,33926965165553e-03;-0,0486750639360498;-0,0828022915934261;eGARCH
2026-04-24;6,08356384113842e-03;-0,0463876732794878;-0,0789353466755350;eGARCH
2026-04-25;-4,15364673355612e-03;-0,0450408917488390;-0,0766355640424534;eGARCH
2026-04-26;1,27957225200560e-02;-0,0435310712067961;-0,0740402602130469;eGARCH
2026-04-27;-1,97222743486582e-02;-0,0447435192456743;-0,0761839508582609;eGARCH
2026-04-28;-6,60459351296047e-03;-0,0475336751034813;-0,0808413713674822;eGARCH
2026-04-29;-7,39431854274868e-03;-0,0460872771467419;-0,0783585384739593;eGARCH
2026-04-30;5,25322738483937e-03;-0,0452028081436045;-0,0768498127326154;eGARCH
2026-05-01;-2,82985459777528e-03;-0,0438712811809325;-0,0747536258789632;eGARCH
2026-05-02;1,11007569809345e-02;-0,0422961933105299;-0,0720742271063840;eGARCH
2026-05-03;-6,99239664778863e-03;-0,0433590013217542;-0,0738614584983586;eGARCH
2026-05-04;9,01249109498989e-03;-0,0427928089170092;-0,0728913680299007;eGARCH
2026-05-05;3,32757808303159e-02;-0,0428559789993283;-0,0730277704379287;eGARCH
2026-05-06;1,06330892778812e-01;-0,0504072370241719;-0,0857811414620338;eGARCH
2026-05-07;-1,01275655371958e-02;-0,0834820360472524;-0,1422384078813094;eGARCH
2026-05-08;1,29501847917656e-01;-0,0706535654053923;-0,1204072505108582;eGARCH
2026-05-09;-4,96656289771148e-02;-0,1015237240071702;-0,1731231789551462;eGARCH
2026-05-10;-3,02362753333712e-02;-0,0917519931175447;-0,1562039613019270;eGARCH
2026-05-11;-1,48291784604493e-02;-0,0813616580434721;-0,1383418701585934;eGARCH
2026-05-12;-2,60539117680607e-02;-0,0709869552985970;-0,1205670137414075;eGARCH
2026-05-13;-3,80661880101239e-02;-0,0669067173907359;-0,1137910386479740;eGARCH
2026-05-14;7,34741104136369e-03;-0,0670829597700549;-0,1140697879055618;eGARCH
2026-05-15;-3,52671046716308e-02;-0,0603074130326165;-0,1029582090459206;eGARCH
2026-05-16;-3,00319089081860e-02;-0,0621905224557276;-0,1060246078616351;eGARCH
2026-05-17;-2,66568328268329e-02;-0,0621088582002367;-0,1057859302431610;eGARCH
2026-05-18;3,34862533289431e-03;-0,0611899953166729;-0,1040814037103137;eGARCH
2026-05-19;-1,95633783278289e-02;-0,0551720033552823;-0,0940414815112743;eGARCH
2026-05-20;2,52450210212019e-02;-0,0547584127934568;-0,0932331657366688;eGARCH
2026-05-21;3,24959686181598e-02;-0,0566373766863320;-0,0963587480030732;eGARCH
2026-05-22;-3,67032579522531e-02;-0,0599756398055724;-0,1021630392745571;eGARCH
2026-05-23;1,65221837123071e-02;-0,0624368186737881;-0,1061981043204198;eGARCH
2026-05-24;-2,18447937327430e-02;-0,0593627024900991;-0,1009293733241321;eGARCH
2026-05-25;2,20642521481682e-02;-0,0582704311908071;-0,0989560439458645;eGARCH
2026-05-26;1,70940906272202e-02;-0,0580875549125700;-0,0985802688631519;eGARCH
2026-05-27;1,80996663693445e-02;-0,0566041352247436;-0,0961052478882950;eGARCH
2026-05-28;-5,52335731149052e-02;-0,0557564999271159;-0,0946624524219463;eGARCH
2026-05-29;-2,10860249290792e-03;-0,0651687246419621;-0,1108246391482328;eGARCH
2026-05-30;1,22074639904994e-02;-0,0574999903714808;-0,0978880102499364;eGARCH
2026-05-31;-2,75702513461835e-02;-0,0549145667902312;-0,0934628228623279;eGARCH
2026-06-01;1,39860939504749e-02;-0,0568733176206195;-0,0966380958812393;eGARCH
2026-06-02;-7,73883474662465e-02;-0,0549757320910578;-0,0934460108405229;eGARCH
2026-06-03;5,68679540824629e-02;-0,0712752401736585;-0,1210598043565546;eGARCH
2026-06-04;-5,80881427462338e-02;-0,0764545922140497;-0,1296267638492922;eGARCH
2026-06-05;-1,21713717983293e-01;-0,0783284897923191;-0,1325359516033041;eGARCH
2026-06-06;5,26336590997810e-04;-0,0987850883716319;-0,1671433012514288;eGARCH
2026-06-07;3,93615093776097e-02;-0,0776577337907053;-0,1314022285231674;eGARCH
2026-06-08;2,76777943507023e-03;-0,0750208635334037;-0,1270561272421187;eGARCH
2026-06-09;-1,20907644705155e-02;-0,0638495665290382;-0,1083251719609428;eGARCH
2026-06-10;-2,89634858784883e-02;-0,0588069877736251;-0,0997218703242040;eGARCH
2026-06-11;2,25431528532907e-02;-0,0601396906193844;-0,1019187330870866;eGARCH
2026-06-12;-1,12972732230971e-02;-0,0596225417978513;-0,1009682357989769;eGARCH
2026-06-13;3,68523481626171e-02;-0,0561139877880505;-0,0951412963636852;eGARCH
2026-06-14;1,26927298949361e-02;-0,0615462169163413;-0,1042701464091062;eGARCH
2026-06-15;7,54143376604966e-03;-0,0578339498258447;-0,0979841255410666;eGARCH
2026-06-16;1,16657686628563e-02;-0,0540581867526469;-0,0915614258255360;eGARCH
2026-06-17;-4,90150377365345e-03;-0,0527190675794793;-0,0893030266285578;eGARCH
2026-06-18;-7,35144147488054e-03;-0,0499282486475589;-0,0845531230089440;eGARCH
2026-06-19;-6,97105889671238e-03;-0,0486683947720375;-0,0826073063575693;eGARCH
2026-06-20;-3,00553361578113e-03;-0,0478194709029905;-0,0811305763906948;eGARCH
2026-06-21;-7,94575880391019e-03;-0,0461096748799489;-0,0782210554320844;eGARCH
2026-06-22;5,20416635497384e-03;-0,0461869424058115;-0,0783642031058057;eGARCH
2026-06-23;-5,27988168573569e-03;-0,0454034831774242;-0,0770386420537966;eGARCH
2026-06-24;-3,93087137933033e-02;-0,0447621786562848;-0,0759682730743883;eGARCH
2026-06-25;-1,46204543700162e-02;-0,0553641503424242;-0,0936896782901524;eGARCH
2026-06-26;9,59226993430111e-03;-0,0539899778300797;-0,0914330402789159;eGARCH
2026-06-27;-1,84256833051572e-02;-0,0519846194125723;-0,0880293146591344;eGARCH
2026-06-28;-1,22215552000486e-02;-0,0530277788409039;-0,0896830853071915;eGARCH
2026-06-29;1,66231687880075e-02;-0,0519353956589391;-0,0878429512948331;eGARCH
2026-06-30;-2,04665410136412e-02;-0,0526593501688939;-0,0892857518953578;eGARCH
2026-07-01;2,56662047688387e-02;-0,0540075067195448;-0,0914558784962405;eGARCH
2026-07-02;3,86713287714626e-02;-0,0567942281673275;-0,0961626117148274;eGARCH
2026-07-03;4,19037686660594e-02;-0,0626086082112395;-0,1059676934431010;eGARCH
2026-07-04;-9,13720679187852e-03;-0,0671314939488576;-0,1135360393133973;eGARCH
2026-07-05;2,76199637250401e-03;-0,0601508047735232;-0,1017689180804156;eGARCH
2026-07-06;-1,13860923371409e-03;-0,0541691640144018;-0,0916864294657261;eGARCH
2026-07-07;-2,32147179279301e-02;-0,0497968865190904;-0,0845177539719401;eGARCH
2026-07-08;-1,02825591431619e-02;-0,0532612414195753;-0,0903071531318457;eGARCH
2026-07-09;1,22279017003759e-02;-0,0518140481770897;-0,0878157346779107;eGARCH
2026-07-10;7,25549339210501e-03;-0,0515221243191386;-0,0872971927147372;eGARCH
2026-07-11;-1,45042854048302e-02;-0,0499176210635927;-0,0845646524557743;eGARCH
2026-07-12;3,07894402522279e-04;-0,0507785762761570;-0,0859448942089084;eGARCH
2026-07-13;-2,61843345366656e-02;-0,0475627353937104;-0,0804521765224278;eGARCH
2026-07-14;4,24725316304494e-02;-0,0525691724399141;-0,0888185589444017;eGARCH
2026-07-15;3,56194339570630e-03;-0,0611306252131150;-0,1031783352566282;eGARCH
2026-07-16;-1,70827412867614e-02;-0,0551961883048316;-0,0931142500747061;eGARCH
2026-07-17;-4,18522072627800e-03;-0,0547241177403372;-0,0921866637822469;eGARCH
2026-07-18;-1,43805367570860e-02;-0,0511172535085483;-0,0859942061944491;eGARCH
2026-07-19;-2,61212217130757e-02;-0,0512881823688038;-0,0862490821778326;eGARCH
2026-07-20;2,80864311684395e-02;-0,0546621171194801;-0,0915671219575879;eGARCH
2026-07-21;2,43837858302018e-02;-0,0573294291574035;-0,0961101289293816;eGARCH
2026-07-22;-6,91135422508820e-03;-0,0581725206961291;-0,0976714850794993;eGARCH
2026-07-23;-2,89744574581749e-02;-0,0541398121000284;-0,0909835220881866;eGARCH
2026-07-24;-9,83394404473659e-03;-0,0571454669143704;-0,0959532615418666;eGARCH
2026-07-25;1,69754495187966e-02;-0,0541810714718587;-0,0911194086503613;eGARCH
2026-07-26;1,29297529511021e-02;-0,0541233589549900;-0,0910383622570815;eGARCH
2026-07-27;-4,98407453907362e-02;-0,0530435916326082;-0,0892116937874425;eGARCH
2026-07-28;1,09082195318656e-02;-0,0624654070150744;-0,1049356236321185;eGARCH
2026-07-29;-3,20710816636765e-02;-0,0582475147540304;-0,0979351086917741;eGARCH
2026-07-30;2,98713208095975e-02;-0,0606451424500839;-0,1018762587399183;eGARCH
2026-07-31;-3,79932870870283e-03;-0,0619194202433990;-0,1039643195524363;eGARCH
2026-08-01;-7,94029801839491e-03;-0,0561488940982670;-0,0942989765602940;eGARCH
2026-08-02;1,56407949394512e-02;-0,0530959243593620;-0,0891107168821534;eGARCH
2026-08-03;2,21134643011158e-03;-0,0530564086659590;-0,0890095736699453;eGARCH
2026-08-04;-3,52045121966943e-03;-0,0497627495115569;-0,0835853705758497;eGARCH
2026-08-05;3,12703638331014e-03;-0,0472684221647787;-0,0793867020911969;eGARCH
2026-08-06;-1,28158062546109e-02;-0,0455954640484686;-0,0766609778866546;eGARCH
2026-08-07;-1,52491160791503e-02;-0,0465119722709226;-0,0781570881151867;eGARCH
2026-08-08;2,28755557605959e-02;-0,0477705985692265;-0,0802210511605325;eGARCH
2026-08-09;-6,95753391960417e-03;-0,0510540874817937;-0,0856765271269714;eGARCH
2026-08-10;8,86387376107757e-03;-0,0489407969512692;-0,0822013099354769;eGARCH
2026-08-11;-2,69890410667277e-03;-0,0479891981717933;-0,0806384885490707;eGARCH
2026-08-12;-2,79229776148475e-02;-0,0454014661691290;-0,0763512154960012;eGARCH
2026-08-13;7,73554842167096e-03;-0,0504786591187928;-0,0849296327427330;eGARCH
2026-08-14;-1,30307441058944e-03;-0,0488693727331145;-0,0824928025747887;eGARCH
2026-08-15;-8,80868419417639e-03;-0,0456054007454004;-0,0769338819992093;eGARCH
2026-08-16;-1,17490463874662e-02;-0,0449146135676502;-0,0756686062777601;eGARCH
2026-08-17;2,67839144648921e-03;-0,0452073990604438;-0,0761364807502564;eGARCH
2026-08-18;-4,31438516218499e-02;-0,0433242131114412;-0,0729225143032657;eGARCH
2026-08-19;5,48980844256964e-02;-0,0531804374749916;-0,0896399232042440;eGARCH
2026-08-20;7,86629830300449e-02;-0,0643687398319955;-0,1086898327329007;eGARCH
2026-08-21;9,21413065728092e-02;-0,0793118864988002;-0,1338813198902829;eGARCH
2026-08-22;-4,40892665223947e-02;-0,0928223052609763;-0,1567993841132981;eGARCH
2026-08-23;2,26689739264969e-02;-0,0851685518046374;-0,1438538927895364;eGARCH
2026-08-24;-1,95068129592839e-03;-0,0757061770706943;-0,1280392124807502;eGARCH
2026-08-25;-2,16068358978434e-02;-0,0641855244605213;-0,1086025797809946;eGARCH
2026-08-26;1,22331022016695e-02;-0,0614997182832801;-0,1039244948889002;eGARCH
2026-08-27;6,86055760477586e-03;-0,0576652390730163;-0,0974950336901378;eGARCH
2026-08-28;-1,79753252372198e-02;-0,0535908917753738;-0,0905326662243219;eGARCH
2026-08-29;3,64390841230694e-02;-0,0535695383455267;-0,0904997744620935;eGARCH
2026-08-30;-2,65658222731187e-02;-0,0594936332171101;-0,1005426913894563;eGARCH
2026-08-31;1,66999130516037e-03;-0,0598320995619013;-0,1010444489165533;eGARCH
2026-09-01;7,87335529130566e-02;-0,0539436597136321;-0,0911032374008564;eGARCH
2026-09-02;2,00982224933189e-02;-0,0739697155027841;-0,1251217277232929;eGARCH
2026-09-03;-3,19473697387349e-05;-0,0677778079476764;-0,1145417786411923;eGARCH
2026-09-04;-2,51544862306444e-02;-0,0590034668600432;-0,0998300211710518;eGARCH
2026-09-05;2,88576593914005e-02;-0,0592429209236133;-0,1002156609376055;eGARCH
2026-09-06;2,28992098866629e-02;-0,0606172160364562;-0,1024137408527814;eGARCH
2026-09-07;3,19183428708808e-02;-0,0598773176230623;-0,1011252260091578;eGARCH
2026-09-08;1,35516024331619e-02;-0,0618578871579482;-0,1047723684350107;eGARCH
2026-01-01;9,88050798471469e-02;-0,0503577327116034;-0,0856152141098636;GJR-GARCH
2026-01-02;3,66882241917846e-03;-0,0910925462199481;-0,1549776858535551;GJR-GARCH
2026-01-03;-1,11008552787877e-03;-0,0740388309688938;-0,1260733794596025;GJR-GARCH
2026-01-04;4,12543383767993e-03;-0,0633539297921048;-0,1078008009968771;GJR-GARCH
2026-01-05;4,45114733696181e-02;-0,0565175221395668;-0,0961225172056502;GJR-GARCH
2026-01-06;3,39382380012023e-03;-0,0630222902554025;-0,1073898455663185;GJR-GARCH
2026-01-07;-5,04176383589914e-02;-0,0566949108173639;-0,0966498417865918;GJR-GARCH
2026-01-08;-4,33145371794321e-03;-0,0625275565758351;-0,1063727141509733;GJR-GARCH
2026-01-09;-3,93111721030308e-03;-0,0566971460468725;-0,0965220771770642;GJR-GARCH
2026-01-10;-2,28022465635505e-03;-0,0533025149799082;-0,0907978962097638;GJR-GARCH
2026-01-11;-1,42964394251770e-02;-0,0511629298421218;-0,0870968434897654;GJR-GARCH
2026-01-12;1,32009937631372e-02;-0,0506644511490056;-0,0861137068303563;GJR-GARCH
2026-01-13;4,17145808646279e-02;-0,0503463732434098;-0,0856222154788861;GJR-GARCH
2026-01-14;1,23665531445424e-02;-0,0584695212489960;-0,0992427592218551;GJR-GARCH
2026-01-15;-5,41043641184928e-02;-0,0546324266724739;-0,0930003431102598;GJR-GARCH
2026-01-16;-1,50700163919777e-02;-0,0624523756871504;-0,1060944540865120;GJR-GARCH
2026-01-17;8,33645494280709e-03;-0,0574480080786632;-0,0979499343668342;GJR-GARCH
2026-01-18;-5,44404515073631e-02;-0,0538456900289358;-0,0918679446382609;GJR-GARCH
2026-01-19;-4,03097733423524e-02;-0,0621838791319348;-0,1058727568377976;GJR-GARCH
2026-01-20;-5,30608462463462e-02;-0,0622954959059419;-0,1058548786459531;GJR-GARCH
2026-01-21;2,80097690426597e-02;-0,0664657136995259;-0,1127393654065360;GJR-GARCH
2026-01-22;-1,69948292723853e-02;-0,0625696168279528;-0,1061544989454380;GJR-GARCH
2026-01-23;-5,84931248329762e-03;-0,0578723917475863;-0,0982552443850730;GJR-GARCH
2026-01-24;-1,71041908182872e-05;-0,0541188533007851;-0,0918747054589730;GJR-GARCH
2026-01-25;-4,36775899898409e-02;-0,0517423605940566;-0,0878455473012816;GJR-GARCH
2026-01-26;1,34568338950343e-02;-0,0579383819977542;-0,0982186008138006;GJR-GARCH
2026-01-27;4,46192960417666e-03;-0,0548803152969455;-0,0932289140557226;GJR-GARCH
2026-01-28;-1,24229938221633e-04;-0,0523036844498048;-0,0888505369344361;GJR-GARCH
2026-01-29;-6,61488846202788e-02;-0,0506804438031894;-0,0861123223670170;GJR-GARCH
2026-01-30;-9,22466513886427e-03;-0,0651478473591355;-0,1105601603966954;GJR-GARCH
2026-01-31;-9,14940322498121e-02;-0,0586629542599601;-0,0994914074532315;GJR-GARCH
2026-02-01;-9,01286438862991e-03;-0,0797991285505131;-0,1353646540067227;GJR-GARCH
2026-02-02;3,79345384718458e-02;-0,0678674913314889;-0,1149894239720206;GJR-GARCH
2026-02-03;-1,98537295452588e-02;-0,0665184109943055;-0,1130331217107232;GJR-GARCH
2026-02-04;-1,08348283771199e-02;-0,0606473536286884;-0,1029522514958343;GJR-GARCH
2026-02-05;-1,41814900868182e-01;-0,0559885736199410;-0,0949585504422794;GJR-GARCH
2026-02-06;9,30395417532909e-02;-0,1058493987370713;-0,1810460381194398;GJR-GARCH
2026-02-07;-3,48053223296723e-03;-0,1107772147468180;-0,1892264109362019;GJR-GARCH
2026-02-08;-3,48329764492396e-02;-0,0875001062437720;-0,1495271405799267;GJR-GARCH
2026-02-09;-4,95778242998426e-04;-0,0759900949547552;-0,1297593759612713;GJR-GARCH
2026-02-10;-2,45945610588943e-02;-0,0645000729335253;-0,1101064119130695;GJR-GARCH
2026-02-11;-1,59019003609297e-02;-0,0601069940499525;-0,1024867441933390;GJR-GARCH
2026-02-12;2,71497953920488e-02;-0,0565548448692857;-0,0964588218419248;GJR-GARCH
2026-02-13;4,01567340056123e-02;-0,0572229181904241;-0,0975901878071882;GJR-GARCH
2026-02-14;4,60456718262813e-02;-0,0615549541587743;-0,1048455264347087;GJR-GARCH
2026-02-15;-4,25140069961204e-02;-0,0658132918485955;-0,1119278221014179;GJR-GARCH
2026-02-16;1,38096738544938e-02;-0,0653437871892713;-0,1111195780640689;GJR-GARCH
2026-02-17;-1,47622484710414e-02;-0,0593243989684793;-0,1008740941825997;GJR-GARCH
2026-02-18;-2,80394275638363e-02;-0,0561767687229848;-0,0955325125847879;GJR-GARCH
2026-02-19;-1,23031660517712e-02;-0,0568691991384277;-0,0966610416425316;GJR-GARCH
2026-02-20;3,54392598141481e-02;-0,0546514551249676;-0,0928356074128981;GJR-GARCH
2026-02-21;7,07966105137103e-03;-0,0588250580848685;-0,0997476402229457;GJR-GARCH
2026-02-22;-3,98434417967477e-02;-0,0552566915197349;-0,0936986766922371;GJR-GARCH
2026-02-23;-2,98792677717062e-02;-0,0594513081467826;-0,1007621452224944;GJR-GARCH
2026-02-24;-9,24939798689229e-03;-0,0588385891225571;-0,0995345716219304;GJR-GARCH
2026-02-25;1,56887353975997e-01;-0,0555037682613316;-0,0939972678506536;GJR-GARCH
2026-02-26;-2,93068682417721e-02;-0,1255384427747510;-0,2141887844035239;GJR-GARCH
2026-02-27;-2,60043754410185e-02;-0,0980404807842526;-0,1670504064331792;GJR-GARCH
2026-02-28;7,72034065336624e-03;-0,0803062981060450;-0,1369859539146380;GJR-GARCH
2026-03-01;-3,28200181567826e-02;-0,0673035046247244;-0,1146826830477844;GJR-GARCH
2026-03-02;1,90640900637766e-02;-0,0636441848460944;-0,1083144696489193;GJR-GARCH
2026-03-03;1,00380228276697e-02;-0,0593393615918861;-0,1012043393134578;GJR-GARCH
2026-03-04;2,14125228207684e-02;-0,0559517487381588;-0,0954834133824724;GJR-GARCH
2026-03-05;-9,87563029079631e-03;-0,0558698111168780;-0,0956377147322746;GJR-GARCH
2026-03-06;-2,84868660176133e-02;-0,0540100077931204;-0,0922281908809681;GJR-GARCH
2026-03-07;-2,16649450407341e-02;-0,0561194224414646;-0,0953943327588822;GJR-GARCH
2026-03-08;-1,74241668728532e-02;-0,0556761222270191;-0,0946912252014057;GJR-GARCH
2026-03-09;2,58244929693979e-03;-0,0547361634464755;-0,0930235189565903;GJR-GARCH
2026-03-10;-5,54680597946549e-02;-0,0528678434300309;-0,0898375106630957;GJR-GARCH
2026-03-11;1,32392134042707e-02;-0,0652859669799298;-0,1108364809793574;GJR-GARCH
2026-03-12;2,98000807021777e-03;-0,0589907501756460;-0,1003288177303166;GJR-GARCH
2026-03-13;-5,82862365896823e-03;-0,0552056316965553;-0,0939523508052126;GJR-GARCH
2026-03-14;1,21665901403626e-02;-0,0534631434866775;-0,0909536651782233;GJR-GARCH
2026-03-15;7,62851608221402e-03;-0,0531189077862804;-0,0903509387710982;GJR-GARCH
2026-03-16;8,31640314740527e-02;-0,0523749242273553;-0,0890755758246726;GJR-GARCH
2026-03-17;-1,60361142956630e-02;-0,0792513577582452;-0,1347383326606582;GJR-GARCH
2026-03-18;-3,79236088424998e-02;-0,0669114267023702;-0,1138285571761069;GJR-GARCH
2026-03-19;-2,35920669216950e-02;-0,0650010001792137;-0,1106889411740118;GJR-GARCH
2026-03-20;6,33608640057363e-03;-0,0606619177292384;-0,1032101291519655;GJR-GARCH
2026-03-21;-1,89735376155504e-02;-0,0564133710294527;-0,0960004357170334;GJR-GARCH
2026-03-22;-2,89838452349515e-02;-0,0554884767220306;-0,0943585584157909;GJR-GARCH
2026-03-23;6,59813177649262e-02;-0,0571367688628465;-0,0971556514227977;GJR-GARCH
2026-03-24;2,72478604024250e-04;-0,0718778078909739;-0,1223137264343800;GJR-GARCH
2026-03-25;3,10163129790194e-03;-0,0620547014605099;-0,1054917069620253;GJR-GARCH
2026-03-26;-5,17893461283517e-02;-0,0568596595198825;-0,0969724781469011;GJR-GARCH
2026-03-27;-2,84121228898021e-02;-0,0649996997647482;-0,1106450622567702;GJR-GARCH
2026-03-28;-3,33025274466057e-02;-0,0617061785699948;-0,1049458842983980;GJR-GARCH
2026-03-29;-2,40026686934173e-03;-0,0612601808239007;-0,1039956808036302;GJR-GARCH
2026-03-30;1,31807335399472e-02;-0,0564070828529312;-0,0954269355388947;GJR-GARCH
2026-03-31;1,60959618936093e-02;-0,0548452443481813;-0,0929029686945031;GJR-GARCH
2026-04-01;1,61621264267924e-02;-0,0543947491792027;-0,0922476206794015;GJR-GARCH
2026-04-02;-2,37418542899084e-02;-0,0541457579860675;-0,0917034832864416;GJR-GARCH
2026-04-03;1,70036985455953e-02;-0,0553280766698316;-0,0939659467696893;GJR-GARCH
2026-04-04;1,68617612754451e-03;-0,0547465316792051;-0,0929768923760130;GJR-GARCH
2026-04-05;3,79378589480647e-03;-0,0529834347457867;-0,0900031141955170;GJR-GARCH
2026-04-06;1,15711954254566e-02;-0,0520841531927992;-0,0884505682891439;GJR-GARCH
2026-04-07;5,40834409243973e-02;-0,0520654109339435;-0,0883445443138314;GJR-GARCH
2026-04-08;-3,02860214940377e-02;-0,0644488109842581;-0,1090966985438232;GJR-GARCH
2026-04-09;1,89434131530573e-02;-0,0616834015377712;-0,1040367716255447;GJR-GARCH
2026-04-10;1,11517659645346e-02;-0,0580625952331341;-0,0981149901103134;GJR-GARCH
2026-04-11;-8,11459195785679e-03;-0,0550018101377833;-0,0932280093454341;GJR-GARCH
2026-04-12;-3,88790620350133e-02;-0,0531208901984342;-0,0900170000813990;GJR-GARCH
2026-04-13;5,71765057757294e-02;-0,0585726766540463;-0,0991359544128637;GJR-GARCH
2026-04-14;-2,89718601806434e-02;-0,0687220165975855;-0,1161532326996102;GJR-GARCH
2026-04-15;2,72983916017412e-02;-0,0635116198567311;-0,1072961378270927;GJR-GARCH
2026-04-16;7,13633517512248e-02;-0,0606086984401456;-0,1023025995582595;GJR-GARCH
2026-04-17;-3,44661417442488e-03;-0,0762917513104056;-0,1288886686145848;GJR-GARCH
2026-04-18;-2,28640799966713e-02;-0,0643180288952601;-0,1086469109889910;GJR-GARCH
2026-04-19;-2,71644387872116e-02;-0,0600024588399933;-0,1012583082648668;GJR-GARCH
2026-04-20;1,00747931043726e-02;-0,0589032445575083;-0,0993410878423692;GJR-GARCH
2026-04-21;2,64716210044722e-03;-0,0556173076525722;-0,0938581878537404;GJR-GARCH
2026-04-22;8,56016708927681e-04;-0,0535566246271751;-0,0904376957345640;GJR-GARCH
2026-04-23;4,33926965165553e-03;-0,0525516170009960;-0,0887598408335116;GJR-GARCH
2026-04-24;6,08356384113842e-03;-0,0521857301201779;-0,0881793001768940;GJR-GARCH
2026-04-25;-4,15364673355612e-03;-0,0520569034145006;-0,0879645633589832;GJR-GARCH
2026-04-26;1,27957225200560e-02;-0,0518821920861611;-0,0876616678246619;GJR-GARCH
2026-04-27;-1,97222743486582e-02;-0,0524702714906138;-0,0887371389342347;GJR-GARCH
2026-04-28;-6,60459351296047e-03;-0,0538875749515604;-0,0910731014436261;GJR-GARCH
2026-04-29;-7,39431854274868e-03;-0,0528383370949289;-0,0892821371384837;GJR-GARCH
2026-04-30;5,25322738483937e-03;-0,0524039070521260;-0,0885394033542220;GJR-GARCH
2026-05-01;-2,82985459777528e-03;-0,0519987009797400;-0,0880035452559452;GJR-GARCH
2026-05-02;1,11007569809345e-02;-0,0517259690669698;-0,0875373047654916;GJR-GARCH
2026-05-03;-6,99239664778863e-03;-0,0522026646462262;-0,0883294562175694;GJR-GARCH
2026-05-04;9,01249109498989e-03;-0,0520628849275994;-0,0880864519338707;GJR-GARCH
2026-05-05;3,32757808303159e-02;-0,0521344162231857;-0,0882166995870153;GJR-GARCH
2026-05-06;1,06330892778812e-01;-0,0572240101889238;-0,0967562894943670;GJR-GARCH
2026-05-07;-1,01275655371958e-02;-0,0947774454809779;-0,1604935081538474;GJR-GARCH
2026-05-08;1,29501847917656e-01;-0,0736149738695557;-0,1246538733523463;GJR-GARCH
2026-05-09;-4,96656289771148e-02;-0,1137314123602397;-0,1929423620493181;GJR-GARCH
2026-05-10;-3,02362753333712e-02;-0,0930162261954848;-0,1576108354760645;GJR-GARCH
2026-05-11;-1,48291784604493e-02;-0,0771165786288546;-0,1304992116701967;GJR-GARCH
2026-05-12;-2,60539117680607e-02;-0,0652429308927343;-0,1102385440698418;GJR-GARCH
2026-05-13;-3,80661880101239e-02;-0,0611362178043119;-0,1034060012217826;GJR-GARCH
2026-05-14;7,34741104136369e-03;-0,0621567189696413;-0,1050588341721987;GJR-GARCH
2026-05-15;-3,52671046716308e-02;-0,0571565625656202;-0,0969756089354404;GJR-GARCH
2026-05-16;-3,00319089081860e-02;-0,0597771442681374;-0,1012719043052963;GJR-GARCH
2026-05-17;-2,66568328268329e-02;-0,0596002987820506;-0,1008688919519701;GJR-GARCH
2026-05-18;3,34862533289431e-03;-0,0587526192307470;-0,0992932303438495;GJR-GARCH
2026-05-19;-1,95633783278289e-02;-0,0553527893470015;-0,0937336587797799;GJR-GARCH
2026-05-20;2,52450210212019e-02;-0,0554015965160041;-0,0937150761108674;GJR-GARCH
2026-05-21;3,24959686181598e-02;-0,0567258996064351;-0,0958987874183508;GJR-GARCH
2026-05-22;-3,67032579522531e-02;-0,0591303499359971;-0,1000890918032667;GJR-GARCH
2026-05-23;1,65221837123071e-02;-0,0612026350534634;-0,1034588792292015;GJR-GARCH
2026-05-24;-2,18447937327430e-02;-0,0577435170677612;-0,0975819655753891;GJR-GARCH
2026-05-25;2,20642521481682e-02;-0,0569767136111597;-0,0961770514652682;GJR-GARCH
2026-05-26;1,70940906272202e-02;-0,0567440342640478;-0,0957288483220077;GJR-GARCH
2026-05-27;1,80996663693445e-02;-0,0557298635844281;-0,0940496150780021;GJR-GARCH
2026-05-28;-5,52335731149052e-02;-0,0553221370812120;-0,0933399666253226;GJR-GARCH
2026-05-29;-2,10860249290792e-03;-0,0664362534050893;-0,1122491395389095;GJR-GARCH
2026-05-30;1,22074639904994e-02;-0,0590396153219607;-0,0998299838844706;GJR-GARCH
2026-05-31;-2,75702513461835e-02;-0,0562181482420538;-0,0950451718483138;GJR-GARCH
2026-06-01;1,39860939504749e-02;-0,0576201970290892;-0,0972783036759643;GJR-GARCH
2026-06-02;-7,73883474662465e-02;-0,0558371616776089;-0,0942901460442084;GJR-GARCH
2026-06-03;5,68679540824629e-02;-0,0761776018812486;-0,1285797006160940;GJR-GARCH
2026-06-04;-5,80881427462338e-02;-0,0760357676990261;-0,1281535830131328;GJR-GARCH
2026-06-05;-1,21713717983293e-01;-0,0759377078161071;-0,1277564065754428;GJR-GARCH
2026-06-06;5,26336590997810e-04;-0,1085920249460999;-0,1827793221282119;GJR-GARCH
2026-06-07;3,93615093776097e-02;-0,0810448163301792;-0,1364011426391387;GJR-GARCH
2026-06-08;2,76777943507023e-03;-0,0723901905129853;-0,1219440269770323;GJR-GARCH
2026-06-09;-1,20907644705155e-02;-0,0620290134932388;-0,1046448230689019;GJR-GARCH
2026-06-10;-2,89634858784883e-02;-0,0577255019684586;-0,0973378072633104;GJR-GARCH
2026-06-11;2,25431528532907e-02;-0,0591037508413357;-0,0995893758072634;GJR-GARCH
2026-06-12;-1,12972732230971e-02;-0,0582620641476266;-0,0981091853182772;GJR-GARCH
2026-06-13;3,68523481626171e-02;-0,0562461790409771;-0,0948104993060474;GJR-GARCH
2026-06-14;1,26927298949361e-02;-0,0609185610574337;-0,1026248069558133;GJR-GARCH
2026-06-15;7,54143376604966e-03;-0,0575300861985383;-0,0969209379103000;GJR-GARCH
2026-06-16;1,16657686628563e-02;-0,0555977177561494;-0,0936516289477973;GJR-GARCH
2026-06-17;-4,90150377365345e-03;-0,0551329221630883;-0,0928786820190779;GJR-GARCH
2026-06-18;-7,35144147488054e-03;-0,0543880497066464;-0,0916151414624904;GJR-GARCH
2026-06-19;-6,97105889671238e-03;-0,0541680098672962;-0,0914063163312344;GJR-GARCH
2026-06-20;-3,00553361578113e-03;-0,0541013733023400;-0,0912714641764246;GJR-GARCH
2026-06-21;-7,94575880391019e-03;-0,0538581348551041;-0,0908558346109510;GJR-GARCH
2026-06-22;5,20416635497384e-03;-0,0539880315815960;-0,0910956135165246;GJR-GARCH
2026-06-23;-5,27988168573569e-03;-0,0538048112263145;-0,0907849029813301;GJR-GARCH
2026-06-24;-3,93087137933033e-02;-0,0536828878693230;-0,0905903492584529;GJR-GARCH
2026-06-25;-1,46204543700162e-02;-0,0607659525066336;-0,1023278268338902;GJR-GARCH
2026-06-26;9,59226993430111e-03;-0,0576378082301234;-0,0971176489050428;GJR-GARCH
2026-06-27;-1,84256833051572e-02;-0,0557532758541462;-0,0939125911669473;GJR-GARCH
2026-06-28;-1,22215552000486e-02;-0,0560815996128900;-0,0943617792051108;GJR-GARCH
2026-06-29;1,66231687880075e-02;-0,0553628658547627;-0,0931941515952782;GJR-GARCH
2026-06-30;-2,04665410136412e-02;-0,0556250453117571;-0,0938124931301272;GJR-GARCH
2026-07-01;2,56662047688387e-02;-0,0563729360600161;-0,0949996398046385;GJR-GARCH
2026-07-02;3,86713287714626e-02;-0,0578301901909592;-0,0974184793651988;GJR-GARCH
2026-07-03;4,19037686660594e-02;-0,0620163951065164;-0,1044521803142310;GJR-GARCH
2026-07-04;-9,13720679187852e-03;-0,0647941832862855;-0,1090681938589926;GJR-GARCH
2026-07-05;2,76199637250401e-03;-0,0588293211100721;-0,0990422462869350;GJR-GARCH
2026-07-06;-1,13860923371409e-03;-0,0557781662242367;-0,0939390794491468;GJR-GARCH
2026-07-07;-2,32147179279301e-02;-0,0544468402055524;-0,0919081987681375;GJR-GARCH
2026-07-08;-1,02825591431619e-02;-0,0566445616707500;-0,0955473246947741;GJR-GARCH
2026-07-09;1,22279017003759e-02;-0,0554548838326490;-0,0935118260485008;GJR-GARCH
2026-07-10;7,25549339210501e-03;-0,0551885501973781;-0,0930529042173447;GJR-GARCH
2026-07-11;-1,45042854048302e-02;-0,0546102961553876;-0,0920741895326511;GJR-GARCH
2026-07-12;3,07894402522279e-04;-0,0551885877730801;-0,0929870108450715;GJR-GARCH
2026-07-13;-2,61843345366656e-02;-0,0543806646781460;-0,0916133009770985;GJR-GARCH
2026-07-14;4,24725316304494e-02;-0,0574061050767261;-0,0966377812011629;GJR-GARCH
2026-07-15;3,56194339570630e-03;-0,0633533283927257;-0,1067015595224177;GJR-GARCH
2026-07-16;-1,70827412867614e-02;-0,0579279334314667;-0,0974103574843127;GJR-GARCH
2026-07-17;-4,18522072627800e-03;-0,0569427285589766;-0,0956476738490642;GJR-GARCH
2026-07-18;-1,43805367570860e-02;-0,0551725707132556;-0,0925770335394078;GJR-GARCH
2026-07-19;-2,61212217130757e-02;-0,0552783392624004;-0,0927180831985858;GJR-GARCH
2026-07-20;2,80864311684395e-02;-0,0574637908493298;-0,0959553635476443;GJR-GARCH
2026-07-21;2,43837858302018e-02;-0,0586461531865147;-0,0979648602017098;GJR-GARCH
2026-07-22;-6,91135422508820e-03;-0,0584067865642808;-0,0976825607150582;GJR-GARCH
2026-07-23;-2,89744574581749e-02;-0,0558134299942161;-0,0934306478463536;GJR-GARCH
2026-07-24;-9,83394404473659e-03;-0,0582655572134392;-0,0974512581828127;GJR-GARCH
2026-07-25;1,69754495187966e-02;-0,0559790514482528;-0,0937707515733335;GJR-GARCH
2026-07-26;1,29297529511021e-02;-0,0558718110049519;-0,0936090733001817;GJR-GARCH
2026-07-27;-4,98407453907362e-02;-0,0552451517628356;-0,0925506753886050;GJR-GARCH
2026-07-28;1,09082195318656e-02;-0,0649761096967797;-0,1087445354624459;GJR-GARCH
2026-07-29;-3,20710816636765e-02;-0,0592452643707976;-0,0992227730589533;GJR-GARCH
2026-07-30;2,98713208095975e-02;-0,0605684987004016;-0,1013621693119557;GJR-GARCH
2026-07-31;-3,79932870870283e-03;-0,0606004190034069;-0,1013776018924686;GJR-GARCH
2026-08-01;-7,94029801839491e-03;-0,0568679424565267;-0,0951675364961209;GJR-GARCH
2026-08-02;1,56407949394512e-02;-0,0553265654779179;-0,0925300730495703;GJR-GARCH
2026-08-03;2,21134643011158e-03;-0,0554416155923581;-0,0926854247393138;GJR-GARCH
2026-08-04;-3,52045121966943e-03;-0,0543834237416091;-0,0910562517932743;GJR-GARCH
2026-08-05;3,12703638331014e-03;-0,0537858912682661;-0,0900564594554849;GJR-GARCH
2026-08-06;-1,28158062546109e-02;-0,0535184705272751;-0,0897418408264912;GJR-GARCH
2026-08-07;-1,52491160791503e-02;-0,0540037440544206;-0,0905421475033201;GJR-GARCH
2026-08-08;2,28755557605959e-02;-0,0544607158809140;-0,0912760521783708;GJR-GARCH
2026-08-09;-6,95753391960417e-03;-0,0560566454923476;-0,0938344845449218;GJR-GARCH
2026-08-10;8,86387376107757e-03;-0,0545720385118123;-0,0914707180206378;GJR-GARCH
2026-08-11;-2,69890410667277e-03;-0,0538425036645366;-0,0902393965464146;GJR-GARCH
2026-08-12;-2,79229776148475e-02;-0,0530755954870604;-0,0890426174737136;GJR-GARCH
2026-08-13;7,73554842167096e-03;-0,0563139163200379;-0,0945295835905550;GJR-GARCH
2026-08-14;-1,30307441058944e-03;-0,0546174357914924;-0,0919867503036247;GJR-GARCH
2026-08-15;-8,80868419417639e-03;-0,0533109104534549;-0,0897871994267432;GJR-GARCH
2026-08-16;-1,17490463874662e-02;-0,0528713791890994;-0,0889412046695847;GJR-GARCH
2026-08-17;2,67839144648921e-03;-0,0529184841695130;-0,0889993793007919;GJR-GARCH
2026-08-18;-4,31438516218499e-02;-0,0522192292089794;-0,0877403698595700;GJR-GARCH
2026-08-19;5,48980844256964e-02;-0,0599613046871783;-0,1008294174043857;GJR-GARCH
2026-08-20;7,86629830300449e-02;-0,0684316197366918;-0,1152291843200744;GJR-GARCH
2026-08-21;9,21413065728092e-02;-0,0831032422018776;-0,1398730923079224;GJR-GARCH
2026-08-22;-4,40892665223947e-02;-0,0971433263203904;-0,1636231642020773;GJR-GARCH
2026-08-23;2,26689739264969e-02;-0,0820543368393363;-0,1381661479553187;GJR-GARCH
2026-08-24;-1,95068129592839e-03;-0,0692161527258494;-0,1166839034760455;GJR-GARCH
2026-08-25;-2,16068358978434e-02;-0,0600526154307326;-0,1012770513938110;GJR-GARCH
2026-08-26;1,22331022016695e-02;-0,0578712259235578;-0,0974947131288960;GJR-GARCH
2026-08-27;6,86055760477586e-03;-0,0555422222991878;-0,0936491887142064;GJR-GARCH
2026-08-28;-1,79753252372198e-02;-0,0538942050832978;-0,0908179905689324;GJR-GARCH
2026-08-29;3,64390841230694e-02;-0,0545599083650758;-0,0919615830799791;GJR-GARCH
2026-08-30;-2,65658222731187e-02;-0,0599997023726340;-0,1011568070848424;GJR-GARCH
2026-08-31;1,66999130516037e-03;-0,0590089553100559;-0,0994244497565555;GJR-GARCH
2026-09-01;7,87335529130566e-02;-0,0553194931396838;-0,0932520617180083;GJR-GARCH
2026-09-02;2,00982224933189e-02;-0,0792448086295056;-0,1337590664122456;GJR-GARCH
2026-09-03;-3,19473697387349e-05;-0,0670364785104388;-0,1130138730758379;GJR-GARCH
2026-09-04;-2,51544862306444e-02;-0,0592015661749786;-0,0999353793525449;GJR-GARCH
2026-09-05;2,88576593914005e-02;-0,0584652530560867;-0,0986780131290297;GJR-GARCH
2026-09-06;2,28992098866629e-02;-0,0590741564847375;-0,0995716879029514;GJR-GARCH
2026-09-07;3,19183428708808e-02;-0,0578642364341634;-0,0974469268179412;GJR-GARCH
2026-09-08;1,35516024331619e-02;-0,0595559754901739;-0,1006031879383837;GJR-GARCH
